strategy,direction,entry_time,entry_price,exit_time,exit_price,exit_reason,pnl,bars_held
IB,SHORT,2026-01-02 10:15:00-05:00,25603.25,2026-01-02 10:30:00-05:00,25483.75,take_profit,705.66,1
RSI,LONG,2026-01-02 11:30:00-05:00,25376.50,2026-01-02 11:45:00-05:00,25361.00,stop_loss,-104.34,1
RSI,LONG,2026-01-02 12:00:00-05:00,25341.75,2026-01-02 12:45:00-05:00,25326.25,stop_loss,-104.34,3
RSI,LONG,2026-01-02 13:00:00-05:00,25324.00,2026-01-02 13:15:00-05:00,25308.50,stop_loss,-104.34,1
RSI,LONG,2026-01-02 13:30:00-05:00,25333.25,2026-01-02 13:45:00-05:00,25317.75,stop_loss,-104.34,1
RSI,LONG,2026-01-02 14:00:00-05:00,25295.00,2026-01-02 14:15:00-05:00,25394.50,take_profit,585.66,1
RSI,SHORT,2026-01-05 09:45:00-05:00,25601.75,2026-01-05 10:00:00-05:00,25617.25,stop_loss,-104.34,1
RSI,SHORT,2026-01-05 10:15:00-05:00,25639.00,2026-01-05 10:30:00-05:00,25654.50,stop_loss,-104.34,1
IB,LONG,2026-01-05 10:30:00-05:00,25674.75,2026-01-05 10:45:00-05:00,25654.25,stop_loss,-134.34,1
RSI,SHORT,2026-01-05 10:45:00-05:00,25640.50,2026-01-05 11:00:00-05:00,25656.00,stop_loss,-104.34,1
RSI,SHORT,2026-01-05 11:15:00-05:00,25672.25,2026-01-05 11:30:00-05:00,25687.75,stop_loss,-104.34,1
MOM,LONG,2026-01-05 10:15:00-05:00,25640.00,2026-01-05 11:30:00-05:00,25680.00,max_hold,228.66,5
RSI,SHORT,2026-01-05 11:45:00-05:00,25680.00,2026-01-05 13:00:00-05:00,25598.25,max_hold,479.16,5
MOM,SHORT,2026-01-06 09:30:00-05:00,25635.50,2026-01-06 09:45:00-05:00,25651.00,stop_loss,-104.34,1
RSI,SHORT,2026-01-06 09:45:00-05:00,25665.75,2026-01-06 10:00:00-05:00,25681.25,stop_loss,-104.34,1
MOM,LONG,2026-01-06 10:00:00-05:00,25753.50,2026-01-06 10:15:00-05:00,25738.00,stop_loss,-104.34,1
RSI,SHORT,2026-01-06 10:15:00-05:00,25753.50,2026-01-06 10:30:00-05:00,25769.00,stop_loss,-104.34,1
IB,LONG,2026-01-06 10:15:00-05:00,25754.50,2026-01-06 10:30:00-05:00,25734.00,stop_loss,-134.34,1
RSI,SHORT,2026-01-06 12:45:00-05:00,25768.00,2026-01-06 13:30:00-05:00,25783.50,stop_loss,-104.34,3
RSI,SHORT,2026-01-06 13:45:00-05:00,25783.00,2026-01-06 14:00:00-05:00,25798.50,stop_loss,-104.34,1
RSI,SHORT,2026-01-06 14:15:00-05:00,25807.00,2026-01-06 15:15:00-05:00,25822.50,stop_loss,-104.34,4
RSI,SHORT,2026-01-06 15:30:00-05:00,25809.50,2026-01-06 15:45:00-05:00,25825.00,stop_loss,-104.34,1
RSI,SHORT,2026-01-07 09:45:00-05:00,25854.00,2026-01-07 10:00:00-05:00,25869.50,stop_loss,-104.34,1
MOM,LONG,2026-01-07 09:45:00-05:00,25855.00,2026-01-07 10:00:00-05:00,25839.50,stop_loss,-104.34,1
RSI,SHORT,2026-01-07 10:15:00-05:00,25859.00,2026-01-07 10:30:00-05:00,25874.50,stop_loss,-104.34,1
MOM,LONG,2026-01-07 10:15:00-05:00,25860.00,2026-01-07 10:30:00-05:00,25844.50,stop_loss,-104.34,1
RSI,SHORT,2026-01-07 11:00:00-05:00,25905.00,2026-01-07 11:15:00-05:00,25920.50,stop_loss,-104.34,1
MOM,LONG,2026-01-07 11:00:00-05:00,25906.00,2026-01-07 11:15:00-05:00,25890.50,stop_loss,-104.34,1
RSI,SHORT,2026-01-07 11:45:00-05:00,25942.25,2026-01-07 12:00:00-05:00,25957.75,stop_loss,-104.34,1
IB,LONG,2026-01-07 10:45:00-05:00,25855.25,2026-01-07 12:00:00-05:00,25974.75,take_profit,705.66,5
RSI,SHORT,2026-01-07 12:15:00-05:00,25975.25,2026-01-07 12:30:00-05:00,25990.75,stop_loss,-104.34,1
MOM,LONG,2026-01-07 11:45:00-05:00,25943.25,2026-01-07 13:00:00-05:00,25960.50,max_hold,92.16,5
RSI,SHORT,2026-01-07 12:45:00-05:00,25993.50,2026-01-07 14:00:00-05:00,25919.75,max_hold,431.16,5
RSI,LONG,2026-01-07 15:30:00-05:00,25860.75,2026-01-07 15:45:00-05:00,25845.25,stop_loss,-104.34,1
MOM,SHORT,2026-01-07 15:45:00-05:00,25832.50,2026-01-08 09:30:00-05:00,25733.00,take_profit,585.66,1
RSI,LONG,2026-01-08 09:30:00-05:00,25787.00,2026-01-08 09:45:00-05:00,25771.50,stop_loss,-104.34,1
MOM,SHORT,2026-01-08 09:45:00-05:00,25621.25,2026-01-08 10:00:00-05:00,25636.75,stop_loss,-104.34,1
RSI,LONG,2026-01-08 10:00:00-05:00,25604.25,2026-01-08 10:15:00-05:00,25703.75,take_profit,585.66,1
IB,SHORT,2026-01-08 10:15:00-05:00,25677.25,2026-01-08 10:30:00-05:00,25697.75,stop_loss,-134.34,1
RSI,LONG,2026-01-08 11:15:00-05:00,25635.75,2026-01-08 11:30:00-05:00,25620.25,stop_loss,-104.34,1
MOM,SHORT,2026-01-08 10:45:00-05:00,25682.50,2026-01-08 12:00:00-05:00,25651.25,max_hold,176.16,5
RSI,SHORT,2026-01-09 09:45:00-05:00,25750.50,2026-01-09 10:00:00-05:00,25651.00,take_profit,585.66,1
MOM,LONG,2026-01-09 09:45:00-05:00,25751.50,2026-01-09 10:00:00-05:00,25736.00,stop_loss,-104.34,1
RSI,SHORT,2026-01-09 10:15:00-05:00,25746.75,2026-01-09 10:30:00-05:00,25762.25,stop_loss,-104.34,1
IB,SHORT,2026-01-09 10:15:00-05:00,25746.75,2026-01-09 10:30:00-05:00,25767.25,stop_loss,-134.34,1
MOM,LONG,2026-01-09 10:15:00-05:00,25747.75,2026-01-09 10:30:00-05:00,25847.25,take_profit,585.66,1
MOM,LONG,2026-01-09 11:15:00-05:00,25891.50,2026-01-09 11:30:00-05:00,25876.00,stop_loss,-104.34,1
RSI,SHORT,2026-01-09 11:15:00-05:00,25890.50,2026-01-09 11:45:00-05:00,25906.00,stop_loss,-104.34,2
RSI,SHORT,2026-01-09 12:00:00-05:00,25909.25,2026-01-09 12:30:00-05:00,25924.75,stop_loss,-104.34,2
RSI,SHORT,2026-01-09 12:45:00-05:00,25910.00,2026-01-09 13:30:00-05:00,25925.50,stop_loss,-104.34,3
RSI,SHORT,2026-01-09 13:45:00-05:00,25939.00,2026-01-09 14:00:00-05:00,25954.50,stop_loss,-104.34,1
RSI,SHORT,2026-01-09 14:15:00-05:00,25954.00,2026-01-09 14:45:00-05:00,25969.50,stop_loss,-104.34,2
RSI,SHORT,2026-01-09 15:15:00-05:00,25965.75,2026-01-12 09:30:00-05:00,25866.25,take_profit,585.66,3
IB,LONG,2026-01-12 10:30:00-05:00,25922.25,2026-01-12 10:45:00-05:00,25901.75,stop_loss,-134.34,1
RSI,LONG,2026-01-12 09:45:00-05:00,25854.50,2026-01-12 11:00:00-05:00,25946.25,max_hold,539.16,5
MOM,LONG,2026-01-12 12:00:00-05:00,25961.50,2026-01-12 12:30:00-05:00,25946.00,stop_loss,-104.34,2
RSI,SHORT,2026-01-12 13:30:00-05:00,25990.50,2026-01-12 14:30:00-05:00,26006.00,stop_loss,-104.34,4
RSI,SHORT,2026-01-12 14:45:00-05:00,26006.00,2026-01-13 09:30:00-05:00,26021.50,stop_loss,-104.34,5
MOM,SHORT,2026-01-13 09:30:00-05:00,25950.00,2026-01-13 09:45:00-05:00,25965.50,stop_loss,-104.34,1
MOM,SHORT,2026-01-13 10:00:00-05:00,25946.75,2026-01-13 10:15:00-05:00,25847.25,take_profit,585.66,1
RSI,LONG,2026-01-13 10:30:00-05:00,25842.25,2026-01-13 10:45:00-05:00,25826.75,stop_loss,-104.34,1
MOM,SHORT,2026-01-13 10:30:00-05:00,25841.25,2026-01-13 10:45:00-05:00,25856.75,stop_loss,-104.34,1
IB,SHORT,2026-01-13 10:15:00-05:00,25914.00,2026-01-13 11:30:00-05:00,25934.50,stop_loss,-134.34,5
MOM,LONG,2026-01-13 11:45:00-05:00,25973.00,2026-01-13 12:15:00-05:00,25957.50,stop_loss,-104.34,2
MOM,SHORT,2026-01-13 13:00:00-05:00,25876.00,2026-01-13 13:15:00-05:00,25891.50,stop_loss,-104.34,1
RSI,LONG,2026-01-13 14:15:00-05:00,25831.00,2026-01-13 15:30:00-05:00,25815.50,stop_loss,-104.34,5
MOM,LONG,2026-01-14 09:30:00-05:00,25740.25,2026-01-14 09:45:00-05:00,25724.75,stop_loss,-104.34,1
RSI,LONG,2026-01-14 09:45:00-05:00,25631.25,2026-01-14 10:00:00-05:00,25615.75,stop_loss,-104.34,1
MOM,SHORT,2026-01-14 10:00:00-05:00,25585.75,2026-01-14 10:15:00-05:00,25601.25,stop_loss,-104.34,1
IB,SHORT,2026-01-14 10:15:00-05:00,25674.25,2026-01-14 10:30:00-05:00,25554.75,take_profit,705.66,1
MOM,SHORT,2026-01-14 10:30:00-05:00,25612.00,2026-01-14 10:45:00-05:00,25512.50,take_profit,585.66,1
RSI,LONG,2026-01-14 10:45:00-05:00,25558.25,2026-01-14 11:00:00-05:00,25542.75,stop_loss,-104.34,1
MOM,SHORT,2026-01-14 11:00:00-05:00,25491.25,2026-01-14 11:15:00-05:00,25506.75,stop_loss,-104.34,1
RSI,LONG,2026-01-14 11:15:00-05:00,25500.25,2026-01-14 11:45:00-05:00,25484.75,stop_loss,-104.34,2
RSI,LONG,2026-01-14 12:00:00-05:00,25460.00,2026-01-14 12:15:00-05:00,25444.50,stop_loss,-104.34,1
RSI,LONG,2026-01-14 13:00:00-05:00,25450.25,2026-01-14 13:30:00-05:00,25434.75,stop_loss,-104.34,2
MOM,LONG,2026-01-14 15:15:00-05:00,25554.50,2026-01-15 09:30:00-05:00,25654.00,take_profit,585.66,3
RSI,SHORT,2026-01-15 09:30:00-05:00,25924.25,2026-01-15 09:45:00-05:00,25939.75,stop_loss,-104.34,1
MOM,LONG,2026-01-15 09:45:00-05:00,25927.25,2026-01-15 10:00:00-05:00,25911.75,stop_loss,-104.34,1
RSI,SHORT,2026-01-15 10:00:00-05:00,25863.00,2026-01-15 10:15:00-05:00,25878.50,stop_loss,-104.34,1
IB,SHORT,2026-01-15 10:15:00-05:00,25880.25,2026-01-15 10:30:00-05:00,25900.75,stop_loss,-134.34,1
RSI,SHORT,2026-01-15 10:30:00-05:00,25862.50,2026-01-15 10:45:00-05:00,25878.00,stop_loss,-104.34,1
RSI,SHORT,2026-01-15 11:00:00-05:00,25884.00,2026-01-15 11:15:00-05:00,25899.50,stop_loss,-104.34,1
RSI,SHORT,2026-01-15 11:30:00-05:00,25904.25,2026-01-15 11:45:00-05:00,25919.75,stop_loss,-104.34,1
MOM,LONG,2026-01-15 11:00:00-05:00,25885.00,2026-01-15 12:15:00-05:00,25880.00,max_hold,-41.34,5
RSI,SHORT,2026-01-15 12:00:00-05:00,25924.00,2026-01-15 13:15:00-05:00,25897.75,max_hold,146.16,5
RSI,LONG,2026-01-15 14:45:00-05:00,25789.00,2026-01-15 15:00:00-05:00,25773.50,stop_loss,-104.34,1
RSI,LONG,2026-01-15 15:15:00-05:00,25751.25,2026-01-15 15:30:00-05:00,25735.75,stop_loss,-104.34,1
RSI,LONG,2026-01-15 15:45:00-05:00,25711.75,2026-01-16 09:30:00-05:00,25811.25,take_profit,585.66,1
MOM,SHORT,2026-01-15 15:30:00-05:00,25718.50,2026-01-16 09:30:00-05:00,25734.00,stop_loss,-104.34,2
IB,SHORT,2026-01-16 10:15:00-05:00,25720.00,2026-01-16 10:30:00-05:00,25600.50,take_profit,705.66,1
MOM,SHORT,2026-01-16 10:00:00-05:00,25728.50,2026-01-16 10:30:00-05:00,25629.00,take_profit,585.66,2
MOM,SHORT,2026-01-16 10:45:00-05:00,25622.75,2026-01-16 11:00:00-05:00,25638.25,stop_loss,-104.34,1
RSI,LONG,2026-01-16 10:45:00-05:00,25623.75,2026-01-16 11:30:00-05:00,25723.25,take_profit,585.66,3
IB,LONG,2026-01-19 10:15:00-05:00,25324.00,2026-01-19 10:30:00-05:00,25303.50,stop_loss,-134.34,1
RSI,LONG,2026-01-19 09:45:00-05:00,25246.25,2026-01-19 11:00:00-05:00,25345.75,take_profit,585.66,5
MOM,SHORT,2026-01-20 10:00:00-05:00,25321.50,2026-01-20 10:15:00-05:00,25337.00,stop_loss,-104.34,1
RSI,LONG,2026-01-20 10:15:00-05:00,25284.50,2026-01-20 10:30:00-05:00,25384.00,take_profit,585.66,1
IB,LONG,2026-01-20 10:45:00-05:00,25389.25,2026-01-20 11:00:00-05:00,25368.75,stop_loss,-134.34,1
MOM,SHORT,2026-01-20 11:00:00-05:00,25362.50,2026-01-20 11:15:00-05:00,25378.00,stop_loss,-104.34,1
MOM,SHORT,2026-01-20 11:45:00-05:00,25353.25,2026-01-20 12:00:00-05:00,25368.75,stop_loss,-104.34,1
RSI,LONG,2026-01-20 13:30:00-05:00,25248.00,2026-01-20 13:45:00-05:00,25232.50,stop_loss,-104.34,1
RSI,LONG,2026-01-20 14:00:00-05:00,25199.50,2026-01-20 14:15:00-05:00,25184.00,stop_loss,-104.34,1
RSI,LONG,2026-01-20 14:30:00-05:00,25161.50,2026-01-20 14:45:00-05:00,25146.00,stop_loss,-104.34,1
RSI,LONG,2026-01-20 15:00:00-05:00,25169.75,2026-01-20 15:15:00-05:00,25154.25,stop_loss,-104.34,1
RSI,LONG,2026-01-20 15:30:00-05:00,25129.75,2026-01-20 15:45:00-05:00,25114.25,stop_loss,-104.34,1
RSI,SHORT,2026-01-21 10:00:00-05:00,25323.00,2026-01-21 10:15:00-05:00,25338.50,stop_loss,-104.34,1
IB,LONG,2026-01-21 10:15:00-05:00,25329.00,2026-01-21 10:30:00-05:00,25448.50,take_profit,705.66,1
MOM,LONG,2026-01-21 10:00:00-05:00,25324.00,2026-01-21 10:30:00-05:00,25423.50,take_profit,585.66,2
RSI,SHORT,2026-01-21 10:30:00-05:00,25379.50,2026-01-21 10:45:00-05:00,25395.00,stop_loss,-104.34,1
RSI,SHORT,2026-01-21 11:00:00-05:00,25469.25,2026-01-21 11:30:00-05:00,25369.75,take_profit,585.66,2
MOM,LONG,2026-01-21 10:45:00-05:00,25452.50,2026-01-21 11:30:00-05:00,25437.00,stop_loss,-104.34,3
MOM,SHORT,2026-01-21 11:45:00-05:00,25293.75,2026-01-21 12:00:00-05:00,25194.25,take_profit,585.66,1
MOM,SHORT,2026-01-21 12:15:00-05:00,25154.25,2026-01-21 12:30:00-05:00,25169.75,stop_loss,-104.34,1
RSI,LONG,2026-01-21 12:15:00-05:00,25155.25,2026-01-21 12:45:00-05:00,25254.75,take_profit,585.66,2
RSI,SHORT,2026-01-21 14:30:00-05:00,25429.75,2026-01-21 14:45:00-05:00,25445.25,stop_loss,-104.34,1
MOM,LONG,2026-01-21 14:30:00-05:00,25430.75,2026-01-21 14:45:00-05:00,25530.25,take_profit,585.66,1
RSI,SHORT,2026-01-21 15:00:00-05:00,25638.50,2026-01-21 15:15:00-05:00,25539.00,take_profit,585.66,1
MOM,LONG,2026-01-21 15:00:00-05:00,25639.50,2026-01-21 15:15:00-05:00,25624.00,stop_loss,-104.34,1
RSI,SHORT,2026-01-22 09:45:00-05:00,25646.00,2026-01-22 10:00:00-05:00,25546.50,take_profit,585.66,1
IB,SHORT,2026-01-22 10:15:00-05:00,25553.25,2026-01-22 10:30:00-05:00,25573.75,stop_loss,-134.34,1
RSI,SHORT,2026-01-22 13:00:00-05:00,25711.25,2026-01-22 14:15:00-05:00,25709.75,max_hold,-2.34,5
MOM,SHORT,2026-01-22 15:30:00-05:00,25608.25,2026-01-22 15:45:00-05:00,25623.75,stop_loss,-104.34,1
MOM,LONG,2026-01-23 09:30:00-05:00,25608.50,2026-01-23 09:45:00-05:00,25593.00,stop_loss,-104.34,1
MOM,LONG,2026-01-23 10:00:00-05:00,25668.50,2026-01-23 10:30:00-05:00,25768.00,take_profit,585.66,2
IB,LONG,2026-01-23 10:15:00-05:00,25688.50,2026-01-23 10:45:00-05:00,25808.00,take_profit,705.66,2
RSI,SHORT,2026-01-23 10:45:00-05:00,25780.75,2026-01-23 11:00:00-05:00,25796.25,stop_loss,-104.34,1
MOM,LONG,2026-01-23 11:45:00-05:00,25812.75,2026-01-23 12:00:00-05:00,25797.25,stop_loss,-104.34,1
RSI,SHORT,2026-01-23 11:15:00-05:00,25823.25,2026-01-23 12:30:00-05:00,25723.75,take_profit,585.66,5
MOM,SHORT,2026-01-23 13:00:00-05:00,25693.25,2026-01-23 13:15:00-05:00,25708.75,stop_loss,-104.34,1
RSI,SHORT,2026-01-26 09:45:00-05:00,25816.25,2026-01-26 10:00:00-05:00,25831.75,stop_loss,-104.34,1
RSI,SHORT,2026-01-26 10:15:00-05:00,25838.50,2026-01-26 10:30:00-05:00,25854.00,stop_loss,-104.34,1
RSI,SHORT,2026-01-26 10:45:00-05:00,25838.75,2026-01-26 11:00:00-05:00,25854.25,stop_loss,-104.34,1
MOM,LONG,2026-01-26 09:45:00-05:00,25817.25,2026-01-26 11:00:00-05:00,25885.75,max_hold,399.66,5
RSI,SHORT,2026-01-26 11:15:00-05:00,25885.50,2026-01-26 11:30:00-05:00,25901.00,stop_loss,-104.34,1
MOM,LONG,2026-01-26 11:30:00-05:00,25906.50,2026-01-26 11:45:00-05:00,25891.00,stop_loss,-104.34,1
RSI,SHORT,2026-01-26 11:45:00-05:00,25897.25,2026-01-26 12:00:00-05:00,25912.75,stop_loss,-104.34,1
IB,LONG,2026-01-26 10:30:00-05:00,25846.50,2026-01-26 13:00:00-05:00,25881.00,max_hold,195.66,10
RSI,SHORT,2026-01-26 12:15:00-05:00,25913.25,2026-01-26 13:30:00-05:00,25928.75,stop_loss,-104.34,5
RSI,LONG,2026-01-27 09:30:00-05:00,25983.25,2026-01-27 09:45:00-05:00,25967.75,stop_loss,-104.34,1
MOM,SHORT,2026-01-27 09:30:00-05:00,25982.25,2026-01-27 09:45:00-05:00,25997.75,stop_loss,-104.34,1
RSI,SHORT,2026-01-27 10:00:00-05:00,26052.00,2026-01-27 10:15:00-05:00,26067.50,stop_loss,-104.34,1
MOM,LONG,2026-01-27 10:00:00-05:00,26053.00,2026-01-27 10:15:00-05:00,26037.50,stop_loss,-104.34,1
IB,LONG,2026-01-27 10:15:00-05:00,26060.50,2026-01-27 10:30:00-05:00,26040.00,stop_loss,-134.34,1
RSI,SHORT,2026-01-27 10:30:00-05:00,26042.50,2026-01-27 10:45:00-05:00,26058.00,stop_loss,-104.34,1
MOM,LONG,2026-01-27 10:45:00-05:00,26091.00,2026-01-27 11:00:00-05:00,26075.50,stop_loss,-104.34,1
RSI,SHORT,2026-01-27 11:00:00-05:00,26078.00,2026-01-27 11:15:00-05:00,26093.50,stop_loss,-104.34,1
RSI,SHORT,2026-01-27 11:30:00-05:00,26090.00,2026-01-27 12:45:00-05:00,26062.25,max_hold,155.16,5
RSI,SHORT,2026-01-27 15:15:00-05:00,26109.50,2026-01-28 09:30:00-05:00,26125.00,stop_loss,-104.34,3
MOM,LONG,2026-01-28 09:45:00-05:00,26286.00,2026-01-28 10:00:00-05:00,26270.50,stop_loss,-104.34,1
RSI,SHORT,2026-01-28 09:45:00-05:00,26285.00,2026-01-28 10:30:00-05:00,26185.50,take_profit,585.66,3
IB,SHORT,2026-01-28 10:15:00-05:00,26215.75,2026-01-28 10:30:00-05:00,26236.25,stop_loss,-134.34,1
MOM,LONG,2026-01-28 10:30:00-05:00,26221.00,2026-01-28 10:45:00-05:00,26205.50,stop_loss,-104.34,1
MOM,LONG,2026-01-28 14:45:00-05:00,26149.00,2026-01-28 15:45:00-05:00,26133.50,stop_loss,-104.34,4
MOM,SHORT,2026-01-29 09:30:00-05:00,26133.00,2026-01-29 09:45:00-05:00,26033.50,take_profit,585.66,1
RSI,LONG,2026-01-29 09:45:00-05:00,25952.00,2026-01-29 10:00:00-05:00,25936.50,stop_loss,-104.34,1
MOM,SHORT,2026-01-29 10:00:00-05:00,25864.00,2026-01-29 10:15:00-05:00,25764.50,take_profit,585.66,1
RSI,LONG,2026-01-29 10:15:00-05:00,25722.00,2026-01-29 10:30:00-05:00,25706.50,stop_loss,-104.34,1
IB,SHORT,2026-01-29 10:15:00-05:00,25721.00,2026-01-29 10:30:00-05:00,25741.50,stop_loss,-134.34,1
RSI,LONG,2026-01-29 10:45:00-05:00,25625.50,2026-01-29 11:00:00-05:00,25610.00,stop_loss,-104.34,1
MOM,SHORT,2026-01-29 10:45:00-05:00,25624.50,2026-01-29 11:00:00-05:00,25640.00,stop_loss,-104.34,1
RSI,LONG,2026-01-29 11:15:00-05:00,25663.25,2026-01-29 12:00:00-05:00,25762.75,take_profit,585.66,3
RSI,SHORT,2026-01-30 09:30:00-05:00,25833.75,2026-01-30 09:45:00-05:00,25849.25,stop_loss,-104.34,1
MOM,LONG,2026-01-30 09:30:00-05:00,25834.75,2026-01-30 09:45:00-05:00,25819.25,stop_loss,-104.34,1
MOM,SHORT,2026-01-30 10:00:00-05:00,25826.00,2026-01-30 10:15:00-05:00,25841.50,stop_loss,-104.34,1
IB,SHORT,2026-01-30 10:30:00-05:00,25793.50,2026-01-30 10:45:00-05:00,25814.00,stop_loss,-134.34,1
MOM,SHORT,2026-01-30 10:30:00-05:00,25793.50,2026-01-30 10:45:00-05:00,25809.00,stop_loss,-104.34,1
MOM,SHORT,2026-01-30 11:00:00-05:00,25841.50,2026-01-30 11:30:00-05:00,25857.00,stop_loss,-104.34,2
MOM,SHORT,2026-01-30 13:30:00-05:00,25671.00,2026-01-30 13:45:00-05:00,25686.50,stop_loss,-104.34,1
RSI,LONG,2026-01-30 13:45:00-05:00,25624.00,2026-01-30 14:00:00-05:00,25723.50,take_profit,585.66,1
RSI,LONG,2026-01-30 15:30:00-05:00,25596.25,2026-01-30 15:45:00-05:00,25695.75,take_profit,585.66,1
MOM,LONG,2026-02-02 09:45:00-05:00,25720.25,2026-02-02 10:00:00-05:00,25819.75,take_profit,585.66,1
RSI,SHORT,2026-02-02 10:15:00-05:00,25874.00,2026-02-02 10:30:00-05:00,25889.50,stop_loss,-104.34,1
MOM,LONG,2026-02-02 10:15:00-05:00,25875.00,2026-02-02 10:30:00-05:00,25859.50,stop_loss,-104.34,1
RSI,SHORT,2026-02-02 10:45:00-05:00,25873.75,2026-02-02 11:15:00-05:00,25889.25,stop_loss,-104.34,2
RSI,SHORT,2026-02-02 11:30:00-05:00,25892.25,2026-02-02 12:00:00-05:00,25907.75,stop_loss,-104.34,2
RSI,SHORT,2026-02-02 12:15:00-05:00,25904.75,2026-02-02 12:30:00-05:00,25920.25,stop_loss,-104.34,1
RSI,SHORT,2026-02-02 12:45:00-05:00,25911.50,2026-02-02 13:00:00-05:00,25927.00,stop_loss,-104.34,1
RSI,SHORT,2026-02-02 13:15:00-05:00,25924.75,2026-02-02 13:45:00-05:00,25940.25,stop_loss,-104.34,2
RSI,SHORT,2026-02-02 14:00:00-05:00,25941.25,2026-02-02 15:00:00-05:00,25841.75,take_profit,585.66,4
RSI,LONG,2026-02-03 09:45:00-05:00,25753.00,2026-02-03 10:00:00-05:00,25737.50,stop_loss,-104.34,1
MOM,SHORT,2026-02-03 09:45:00-05:00,25752.00,2026-02-03 10:00:00-05:00,25652.50,take_profit,585.66,1
RSI,LONG,2026-02-03 10:15:00-05:00,25554.00,2026-02-03 10:30:00-05:00,25538.50,stop_loss,-104.34,1
MOM,SHORT,2026-02-03 10:15:00-05:00,25553.00,2026-02-03 10:45:00-05:00,25568.50,stop_loss,-104.34,2
RSI,LONG,2026-02-03 10:45:00-05:00,25524.00,2026-02-03 11:15:00-05:00,25508.50,stop_loss,-104.34,2
RSI,LONG,2026-02-03 11:30:00-05:00,25498.00,2026-02-03 11:45:00-05:00,25482.50,stop_loss,-104.34,1
MOM,SHORT,2026-02-03 11:15:00-05:00,25551.75,2026-02-03 12:00:00-05:00,25452.25,take_profit,585.66,3
RSI,LONG,2026-02-03 12:00:00-05:00,25492.00,2026-02-03 12:15:00-05:00,25476.50,stop_loss,-104.34,1
RSI,LONG,2026-02-03 12:30:00-05:00,25414.75,2026-02-03 12:45:00-05:00,25399.25,stop_loss,-104.34,1
RSI,LONG,2026-02-03 13:00:00-05:00,25387.00,2026-02-03 13:15:00-05:00,25371.50,stop_loss,-104.34,1
MOM,SHORT,2026-02-03 12:15:00-05:00,25419.50,2026-02-03 13:15:00-05:00,25320.00,take_profit,585.66,4
RSI,LONG,2026-02-03 13:30:00-05:00,25331.50,2026-02-03 13:45:00-05:00,25316.00,stop_loss,-104.34,1
RSI,LONG,2026-02-03 14:00:00-05:00,25246.00,2026-02-03 14:15:00-05:00,25345.50,take_profit,585.66,1
RSI,LONG,2026-02-03 14:45:00-05:00,25270.00,2026-02-03 15:30:00-05:00,25369.50,take_profit,585.66,3
MOM,SHORT,2026-02-04 09:45:00-05:00,25333.25,2026-02-04 10:00:00-05:00,25233.75,take_profit,585.66,1
MOM,SHORT,2026-02-04 10:45:00-05:00,25209.75,2026-02-04 11:00:00-05:00,25110.25,take_profit,585.66,1
RSI,LONG,2026-02-04 11:15:00-05:00,25111.75,2026-02-04 11:30:00-05:00,25096.25,stop_loss,-104.34,1
MOM,SHORT,2026-02-04 11:15:00-05:00,25110.75,2026-02-04 11:30:00-05:00,25126.25,stop_loss,-104.34,1
RSI,LONG,2026-02-04 11:45:00-05:00,24979.00,2026-02-04 12:15:00-05:00,24963.50,stop_loss,-104.34,2
RSI,LONG,2026-02-04 12:30:00-05:00,24889.50,2026-02-04 12:45:00-05:00,24874.00,stop_loss,-104.34,1
MOM,SHORT,2026-02-04 12:45:00-05:00,24849.50,2026-02-04 13:00:00-05:00,24865.00,stop_loss,-104.34,1
RSI,LONG,2026-02-04 13:00:00-05:00,24874.25,2026-02-04 13:15:00-05:00,24858.75,stop_loss,-104.34,1
MOM,LONG,2026-02-04 15:00:00-05:00,25106.50,2026-02-04 15:15:00-05:00,25091.00,stop_loss,-104.34,1
MOM,SHORT,2026-02-05 09:30:00-05:00,24769.75,2026-02-05 09:45:00-05:00,24785.25,stop_loss,-104.34,1
RSI,LONG,2026-02-05 10:00:00-05:00,24769.50,2026-02-05 10:15:00-05:00,24754.00,stop_loss,-104.34,1
MOM,SHORT,2026-02-05 10:00:00-05:00,24768.50,2026-02-05 10:15:00-05:00,24669.00,take_profit,585.66,1
RSI,LONG,2026-02-05 10:30:00-05:00,24579.00,2026-02-05 10:45:00-05:00,24678.50,take_profit,585.66,1
RSI,LONG,2026-02-05 11:15:00-05:00,24552.75,2026-02-05 11:30:00-05:00,24652.25,take_profit,585.66,1
MOM,LONG,2026-02-06 09:45:00-05:00,24927.25,2026-02-06 10:00:00-05:00,24911.75,stop_loss,-104.34,1
MOM,LONG,2026-02-06 10:30:00-05:00,24905.00,2026-02-06 10:45:00-05:00,24889.50,stop_loss,-104.34,1
MOM,LONG,2026-02-06 11:15:00-05:00,25002.75,2026-02-06 11:45:00-05:00,24987.25,stop_loss,-104.34,2
RSI,SHORT,2026-02-06 12:30:00-05:00,25069.50,2026-02-06 12:45:00-05:00,25085.00,stop_loss,-104.34,1
RSI,SHORT,2026-02-06 13:00:00-05:00,25092.25,2026-02-06 13:15:00-05:00,25107.75,stop_loss,-104.34,1
RSI,SHORT,2026-02-06 13:30:00-05:00,25089.25,2026-02-06 13:45:00-05:00,25104.75,stop_loss,-104.34,1
RSI,SHORT,2026-02-06 14:30:00-05:00,25105.00,2026-02-06 15:15:00-05:00,25120.50,stop_loss,-104.34,3
RSI,SHORT,2026-02-06 15:45:00-05:00,25148.50,2026-02-09 09:30:00-05:00,25049.00,take_profit,585.66,1
RSI,SHORT,2026-02-09 09:45:00-05:00,25150.00,2026-02-09 10:00:00-05:00,25165.50,stop_loss,-104.34,1
MOM,LONG,2026-02-09 09:45:00-05:00,25151.00,2026-02-09 10:00:00-05:00,25135.50,stop_loss,-104.34,1
RSI,SHORT,2026-02-09 10:15:00-05:00,25213.75,2026-02-09 10:30:00-05:00,25229.25,stop_loss,-104.34,1
MOM,LONG,2026-02-09 10:15:00-05:00,25214.75,2026-02-09 10:30:00-05:00,25199.25,stop_loss,-104.34,1
RSI,SHORT,2026-02-09 10:45:00-05:00,25264.00,2026-02-09 11:00:00-05:00,25279.50,stop_loss,-104.34,1
RSI,SHORT,2026-02-09 11:15:00-05:00,25331.25,2026-02-09 11:30:00-05:00,25346.75,stop_loss,-104.34,1
MOM,LONG,2026-02-09 10:45:00-05:00,25265.00,2026-02-09 11:30:00-05:00,25364.50,take_profit,585.66,3
RSI,SHORT,2026-02-09 11:45:00-05:00,25364.50,2026-02-09 12:00:00-05:00,25380.00,stop_loss,-104.34,1
RSI,SHORT,2026-02-09 12:15:00-05:00,25407.25,2026-02-09 13:30:00-05:00,25382.00,max_hold,140.16,5
RSI,SHORT,2026-02-09 14:30:00-05:00,25418.25,2026-02-09 15:45:00-05:00,25338.25,max_hold,468.66,5
MOM,SHORT,2026-02-10 09:30:00-05:00,25376.00,2026-02-10 09:45:00-05:00,25391.50,stop_loss,-104.34,1
MOM,LONG,2026-02-10 10:00:00-05:00,25393.00,2026-02-10 10:15:00-05:00,25377.50,stop_loss,-104.34,1
IB,LONG,2026-02-10 10:15:00-05:00,25391.00,2026-02-10 10:45:00-05:00,25370.50,stop_loss,-134.34,2
MOM,LONG,2026-02-10 10:30:00-05:00,25401.00,2026-02-10 10:45:00-05:00,25385.50,stop_loss,-104.34,1
MOM,SHORT,2026-02-10 11:30:00-05:00,25349.75,2026-02-10 11:45:00-05:00,25365.25,stop_loss,-104.34,1
RSI,LONG,2026-02-10 13:30:00-05:00,25292.50,2026-02-10 13:45:00-05:00,25277.00,stop_loss,-104.34,1
RSI,LONG,2026-02-10 14:45:00-05:00,25282.50,2026-02-10 15:00:00-05:00,25267.00,stop_loss,-104.34,1
RSI,LONG,2026-02-10 15:15:00-05:00,25251.75,2026-02-10 15:30:00-05:00,25236.25,stop_loss,-104.34,1
RSI,LONG,2026-02-10 15:45:00-05:00,25248.50,2026-02-11 09:30:00-05:00,25348.00,take_profit,585.66,1
MOM,SHORT,2026-02-11 09:30:00-05:00,25418.00,2026-02-11 09:45:00-05:00,25433.50,stop_loss,-104.34,1
MOM,SHORT,2026-02-11 10:00:00-05:00,25306.00,2026-02-11 10:15:00-05:00,25206.50,take_profit,585.66,1
RSI,LONG,2026-02-11 10:30:00-05:00,25077.50,2026-02-11 10:45:00-05:00,25177.00,take_profit,585.66,1
IB,SHORT,2026-02-11 10:15:00-05:00,25187.25,2026-02-11 10:45:00-05:00,25207.75,stop_loss,-134.34,2
MOM,SHORT,2026-02-11 10:30:00-05:00,25076.50,2026-02-11 10:45:00-05:00,25092.00,stop_loss,-104.34,1
MOM,SHORT,2026-02-12 10:00:00-05:00,25207.75,2026-02-12 10:15:00-05:00,25223.25,stop_loss,-104.34,1
IB,SHORT,2026-02-12 10:15:00-05:00,25232.00,2026-02-12 10:30:00-05:00,25252.50,stop_loss,-134.34,1
RSI,LONG,2026-02-12 10:45:00-05:00,25086.50,2026-02-12 11:00:00-05:00,25071.00,stop_loss,-104.34,1
MOM,SHORT,2026-02-12 10:45:00-05:00,25085.50,2026-02-12 11:00:00-05:00,24986.00,take_profit,585.66,1
RSI,LONG,2026-02-12 11:15:00-05:00,24940.25,2026-02-12 11:30:00-05:00,24924.75,stop_loss,-104.34,1
MOM,SHORT,2026-02-12 11:15:00-05:00,24939.25,2026-02-12 11:30:00-05:00,24839.75,take_profit,585.66,1
RSI,LONG,2026-02-12 11:45:00-05:00,24876.75,2026-02-12 12:00:00-05:00,24861.25,stop_loss,-104.34,1
RSI,LONG,2026-02-12 12:15:00-05:00,24858.50,2026-02-12 12:45:00-05:00,24843.00,stop_loss,-104.34,2
RSI,LONG,2026-02-12 13:00:00-05:00,24826.00,2026-02-12 13:15:00-05:00,24810.50,stop_loss,-104.34,1
RSI,LONG,2026-02-13 09:30:00-05:00,24743.50,2026-02-13 09:45:00-05:00,24728.00,stop_loss,-104.34,1
MOM,SHORT,2026-02-13 09:30:00-05:00,24742.50,2026-02-13 09:45:00-05:00,24758.00,stop_loss,-104.34,1
RSI,LONG,2026-02-13 10:00:00-05:00,24698.00,2026-02-13 10:15:00-05:00,24797.50,take_profit,585.66,1
MOM,SHORT,2026-02-13 10:00:00-05:00,24697.00,2026-02-13 10:15:00-05:00,24712.50,stop_loss,-104.34,1
MOM,SHORT,2026-02-13 10:45:00-05:00,24774.25,2026-02-13 11:00:00-05:00,24789.75,stop_loss,-104.34,1
RSI,SHORT,2026-02-13 12:15:00-05:00,24951.50,2026-02-13 12:30:00-05:00,24967.00,stop_loss,-104.34,1
RSI,SHORT,2026-02-13 12:45:00-05:00,24964.75,2026-02-13 13:15:00-05:00,24980.25,stop_loss,-104.34,2
RSI,LONG,2026-02-13 15:00:00-05:00,24852.75,2026-02-13 15:15:00-05:00,24837.25,stop_loss,-104.34,1
RSI,LONG,2026-02-13 15:30:00-05:00,24766.50,2026-02-13 15:45:00-05:00,24751.00,stop_loss,-104.34,1
MOM,SHORT,2026-02-13 15:30:00-05:00,24765.50,2026-02-13 15:45:00-05:00,24781.00,stop_loss,-104.34,1
RSI,LONG,2026-02-16 09:45:00-05:00,24724.00,2026-02-16 10:30:00-05:00,24708.50,stop_loss,-104.34,3
RSI,LONG,2026-02-16 10:45:00-05:00,24686.75,2026-02-16 11:30:00-05:00,24671.25,stop_loss,-104.34,3
RSI,LONG,2026-02-17 10:00:00-05:00,24484.25,2026-02-17 10:15:00-05:00,24583.75,take_profit,585.66,1
MOM,SHORT,2026-02-17 10:00:00-05:00,24483.25,2026-02-17 10:15:00-05:00,24498.75,stop_loss,-104.34,1
RSI,LONG,2026-02-17 10:30:00-05:00,24526.50,2026-02-17 10:45:00-05:00,24511.00,stop_loss,-104.34,1
MOM,SHORT,2026-02-17 10:45:00-05:00,24511.50,2026-02-17 11:00:00-05:00,24527.00,stop_loss,-104.34,1
MOM,LONG,2026-02-17 11:15:00-05:00,24773.75,2026-02-17 11:30:00-05:00,24758.25,stop_loss,-104.34,1
MOM,LONG,2026-02-17 13:30:00-05:00,24768.75,2026-02-17 13:45:00-05:00,24868.25,take_profit,585.66,1
MOM,LONG,2026-02-18 09:45:00-05:00,24851.25,2026-02-18 10:00:00-05:00,24950.75,take_profit,585.66,1
RSI,SHORT,2026-02-18 10:00:00-05:00,24940.50,2026-02-18 10:15:00-05:00,24956.00,stop_loss,-104.34,1
IB,LONG,2026-02-18 10:15:00-05:00,25043.50,2026-02-18 10:30:00-05:00,25023.00,stop_loss,-134.34,1
MOM,LONG,2026-02-18 10:15:00-05:00,25043.50,2026-02-18 10:30:00-05:00,25028.00,stop_loss,-104.34,1
RSI,SHORT,2026-02-18 10:30:00-05:00,25056.75,2026-02-18 10:45:00-05:00,25072.25,stop_loss,-104.34,1
RSI,SHORT,2026-02-18 11:00:00-05:00,25086.00,2026-02-18 11:15:00-05:00,25101.50,stop_loss,-104.34,1
RSI,SHORT,2026-02-18 11:30:00-05:00,25093.50,2026-02-18 11:45:00-05:00,25109.00,stop_loss,-104.34,1
RSI,SHORT,2026-02-18 12:15:00-05:00,25082.50,2026-02-18 12:30:00-05:00,25098.00,stop_loss,-104.34,1
RSI,SHORT,2026-02-18 13:00:00-05:00,25097.25,2026-02-18 13:45:00-05:00,24997.75,take_profit,585.66,3
RSI,LONG,2026-02-18 14:45:00-05:00,24926.50,2026-02-18 15:00:00-05:00,24911.00,stop_loss,-104.34,1
MOM,SHORT,2026-02-18 14:45:00-05:00,24925.50,2026-02-18 15:30:00-05:00,24941.00,stop_loss,-104.34,3
RSI,LONG,2026-02-18 15:15:00-05:00,24877.25,2026-02-18 15:45:00-05:00,24976.75,take_profit,585.66,2
RSI,LONG,2026-02-19 09:45:00-05:00,24847.50,2026-02-19 10:00:00-05:00,24947.00,take_profit,585.66,1
IB,LONG,2026-02-19 10:15:00-05:00,24878.00,2026-02-19 10:30:00-05:00,24857.50,stop_loss,-134.34,1
MOM,SHORT,2026-02-19 10:15:00-05:00,24877.00,2026-02-19 10:30:00-05:00,24892.50,stop_loss,-104.34,1
RSI,LONG,2026-02-19 13:00:00-05:00,24780.00,2026-02-19 13:15:00-05:00,24764.50,stop_loss,-104.34,1
MOM,LONG,2026-02-20 09:30:00-05:00,24715.75,2026-02-20 09:45:00-05:00,24815.25,take_profit,585.66,1
RSI,SHORT,2026-02-20 09:45:00-05:00,24925.50,2026-02-20 10:00:00-05:00,24941.00,stop_loss,-104.34,1
MOM,LONG,2026-02-20 10:15:00-05:00,24928.50,2026-02-20 10:30:00-05:00,24913.00,stop_loss,-104.34,1
RSI,SHORT,2026-02-20 10:30:00-05:00,24974.00,2026-02-20 10:45:00-05:00,24989.50,stop_loss,-104.34,1
RSI,SHORT,2026-02-20 11:00:00-05:00,25117.75,2026-02-20 11:15:00-05:00,25018.25,take_profit,585.66,1
MOM,LONG,2026-02-20 10:45:00-05:00,25061.50,2026-02-20 11:15:00-05:00,25046.00,stop_loss,-104.34,2
MOM,SHORT,2026-02-20 12:30:00-05:00,24926.25,2026-02-20 12:45:00-05:00,24941.75,stop_loss,-104.34,1
MOM,LONG,2026-02-20 13:45:00-05:00,25071.00,2026-02-20 14:15:00-05:00,25055.50,stop_loss,-104.34,2
MOM,SHORT,2026-02-23 09:45:00-05:00,24880.50,2026-02-23 10:00:00-05:00,24896.00,stop_loss,-104.34,1
IB,SHORT,2026-02-23 10:15:00-05:00,24874.00,2026-02-23 10:30:00-05:00,24894.50,stop_loss,-134.34,1
MOM,SHORT,2026-02-23 10:15:00-05:00,24874.00,2026-02-23 10:30:00-05:00,24889.50,stop_loss,-104.34,1
RSI,LONG,2026-02-23 10:45:00-05:00,24829.50,2026-02-23 11:00:00-05:00,24814.00,stop_loss,-104.34,1
MOM,SHORT,2026-02-23 11:00:00-05:00,24742.75,2026-02-23 11:15:00-05:00,24758.25,stop_loss,-104.34,1
RSI,LONG,2026-02-23 11:15:00-05:00,24683.50,2026-02-23 11:30:00-05:00,24783.00,take_profit,585.66,1
RSI,LONG,2026-02-23 12:45:00-05:00,24702.00,2026-02-23 13:15:00-05:00,24801.50,take_profit,585.66,2
MOM,LONG,2026-02-24 09:30:00-05:00,24805.50,2026-02-24 09:45:00-05:00,24905.00,take_profit,585.66,1
RSI,SHORT,2026-02-24 09:45:00-05:00,24910.75,2026-02-24 10:15:00-05:00,24926.25,stop_loss,-104.34,2
MOM,LONG,2026-02-24 10:30:00-05:00,25011.75,2026-02-24 10:45:00-05:00,24996.25,stop_loss,-104.34,1
RSI,SHORT,2026-02-24 10:30:00-05:00,25010.75,2026-02-24 11:00:00-05:00,25026.25,stop_loss,-104.34,2
RSI,SHORT,2026-02-24 11:15:00-05:00,25032.75,2026-02-24 12:00:00-05:00,25048.25,stop_loss,-104.34,3
RSI,SHORT,2026-02-24 12:15:00-05:00,25055.00,2026-02-24 12:30:00-05:00,25070.50,stop_loss,-104.34,1
RSI,SHORT,2026-02-25 09:45:00-05:00,25271.75,2026-02-25 10:00:00-05:00,25287.25,stop_loss,-104.34,1
RSI,SHORT,2026-02-25 10:15:00-05:00,25307.50,2026-02-25 10:30:00-05:00,25323.00,stop_loss,-104.34,1
IB,LONG,2026-02-25 10:15:00-05:00,25308.50,2026-02-25 10:30:00-05:00,25288.00,stop_loss,-134.34,1
MOM,LONG,2026-02-25 09:45:00-05:00,25272.75,2026-02-25 11:00:00-05:00,25298.75,max_hold,144.66,5
RSI,SHORT,2026-02-25 10:45:00-05:00,25297.50,2026-02-25 11:30:00-05:00,25313.00,stop_loss,-104.34,3
RSI,SHORT,2026-02-25 11:45:00-05:00,25320.50,2026-02-25 12:00:00-05:00,25336.00,stop_loss,-104.34,1
RSI,SHORT,2026-02-25 12:15:00-05:00,25338.75,2026-02-25 12:45:00-05:00,25354.25,stop_loss,-104.34,2
RSI,SHORT,2026-02-25 13:00:00-05:00,25352.25,2026-02-25 14:00:00-05:00,25367.75,stop_loss,-104.34,4
RSI,SHORT,2026-02-25 14:15:00-05:00,25365.50,2026-02-25 15:30:00-05:00,25381.00,stop_loss,-104.34,5
RSI,SHORT,2026-02-25 15:45:00-05:00,25373.50,2026-02-26 09:30:00-05:00,25274.00,take_profit,585.66,1
MOM,LONG,2026-02-25 15:45:00-05:00,25374.50,2026-02-26 09:30:00-05:00,25359.00,stop_loss,-104.34,1
RSI,LONG,2026-02-26 09:45:00-05:00,25265.75,2026-02-26 10:00:00-05:00,25250.25,stop_loss,-104.34,1
MOM,SHORT,2026-02-26 09:45:00-05:00,25264.75,2026-02-26 10:00:00-05:00,25165.25,take_profit,585.66,1
RSI,LONG,2026-02-26 10:15:00-05:00,25067.50,2026-02-26 10:30:00-05:00,25052.00,stop_loss,-104.34,1
IB,SHORT,2026-02-26 10:15:00-05:00,25066.50,2026-02-26 10:30:00-05:00,24947.00,take_profit,705.66,1
MOM,SHORT,2026-02-26 10:15:00-05:00,25066.50,2026-02-26 10:30:00-05:00,24967.00,take_profit,585.66,1
RSI,LONG,2026-02-26 10:45:00-05:00,24990.00,2026-02-26 11:45:00-05:00,24974.50,stop_loss,-104.34,4
RSI,LONG,2026-02-26 12:00:00-05:00,24964.25,2026-02-26 12:30:00-05:00,24948.75,stop_loss,-104.34,2
RSI,LONG,2026-02-26 12:45:00-05:00,24944.75,2026-02-26 13:00:00-05:00,24929.25,stop_loss,-104.34,1
RSI,LONG,2026-02-26 13:15:00-05:00,24908.50,2026-02-26 13:30:00-05:00,25008.00,take_profit,585.66,1
RSI,LONG,2026-02-27 09:45:00-05:00,24845.75,2026-02-27 10:00:00-05:00,24945.25,take_profit,585.66,1
IB,LONG,2026-02-27 10:15:00-05:00,24954.75,2026-02-27 10:30:00-05:00,24934.25,stop_loss,-134.34,1
MOM,SHORT,2026-02-27 11:00:00-05:00,24983.00,2026-02-27 11:15:00-05:00,24998.50,stop_loss,-104.34,1
RSI,LONG,2026-02-27 14:45:00-05:00,24887.25,2026-02-27 15:15:00-05:00,24986.75,take_profit,585.66,2
MOM,SHORT,2026-02-27 15:45:00-05:00,24934.75,2026-03-02 09:30:00-05:00,24835.25,take_profit,585.66,1
MOM,LONG,2026-03-02 10:45:00-05:00,24939.25,2026-03-02 11:00:00-05:00,24923.75,stop_loss,-104.34,1
MOM,SHORT,2026-03-02 11:30:00-05:00,24866.00,2026-03-02 11:45:00-05:00,24881.50,stop_loss,-104.34,1
MOM,SHORT,2026-03-02 15:15:00-05:00,24966.75,2026-03-02 15:30:00-05:00,24982.25,stop_loss,-104.34,1
RSI,LONG,2026-03-03 09:45:00-05:00,24532.50,2026-03-03 10:00:00-05:00,24517.00,stop_loss,-104.34,1
MOM,SHORT,2026-03-03 09:45:00-05:00,24531.50,2026-03-03 10:00:00-05:00,24547.00,stop_loss,-104.34,1
RSI,LONG,2026-03-03 10:15:00-05:00,24501.50,2026-03-03 10:30:00-05:00,24486.00,stop_loss,-104.34,1
IB,SHORT,2026-03-03 10:15:00-05:00,24500.50,2026-03-03 10:30:00-05:00,24381.00,take_profit,705.66,1
MOM,SHORT,2026-03-03 10:30:00-05:00,24358.25,2026-03-03 10:45:00-05:00,24373.75,stop_loss,-104.34,1
RSI,LONG,2026-03-03 10:45:00-05:00,24416.00,2026-03-03 11:00:00-05:00,24515.50,take_profit,585.66,1
RSI,SHORT,2026-03-04 10:00:00-05:00,24922.25,2026-03-04 10:15:00-05:00,24937.75,stop_loss,-104.34,1
MOM,LONG,2026-03-04 10:00:00-05:00,24923.25,2026-03-04 10:15:00-05:00,25022.75,take_profit,585.66,1
IB,LONG,2026-03-04 10:15:00-05:00,24978.50,2026-03-04 10:30:00-05:00,25098.00,take_profit,705.66,1
RSI,SHORT,2026-03-04 10:30:00-05:00,25138.75,2026-03-04 10:45:00-05:00,25039.25,take_profit,585.66,1
MOM,LONG,2026-03-04 10:30:00-05:00,25139.75,2026-03-04 10:45:00-05:00,25124.25,stop_loss,-104.34,1
RSI,SHORT,2026-03-04 11:00:00-05:00,25126.75,2026-03-04 11:30:00-05:00,25142.25,stop_loss,-104.34,2
RSI,SHORT,2026-03-04 11:45:00-05:00,25159.50,2026-03-04 12:45:00-05:00,25175.00,stop_loss,-104.34,4
RSI,SHORT,2026-03-04 13:00:00-05:00,25169.50,2026-03-04 13:30:00-05:00,25185.00,stop_loss,-104.34,2
RSI,SHORT,2026-03-04 13:45:00-05:00,25200.50,2026-03-04 14:00:00-05:00,25216.00,stop_loss,-104.34,1
RSI,SHORT,2026-03-04 14:15:00-05:00,25209.00,2026-03-04 15:30:00-05:00,25164.75,max_hold,254.16,5
RSI,LONG,2026-03-05 09:45:00-05:00,25060.00,2026-03-05 10:00:00-05:00,25159.50,take_profit,585.66,1
MOM,LONG,2026-03-05 10:00:00-05:00,25185.75,2026-03-05 10:15:00-05:00,25170.25,stop_loss,-104.34,1
IB,LONG,2026-03-05 10:15:00-05:00,25177.00,2026-03-05 10:30:00-05:00,25156.50,stop_loss,-134.34,1
MOM,SHORT,2026-03-05 10:30:00-05:00,25011.50,2026-03-05 10:45:00-05:00,25027.00,stop_loss,-104.34,1
MOM,SHORT,2026-03-05 11:15:00-05:00,24985.25,2026-03-05 11:30:00-05:00,25000.75,stop_loss,-104.34,1
MOM,SHORT,2026-03-05 12:15:00-05:00,25032.25,2026-03-05 12:30:00-05:00,24932.75,take_profit,585.66,1
RSI,LONG,2026-03-05 12:45:00-05:00,24849.75,2026-03-05 13:00:00-05:00,24834.25,stop_loss,-104.34,1
MOM,SHORT,2026-03-05 12:45:00-05:00,24848.75,2026-03-05 13:00:00-05:00,24864.25,stop_loss,-104.34,1
RSI,LONG,2026-03-05 13:30:00-05:00,24793.00,2026-03-05 13:45:00-05:00,24777.50,stop_loss,-104.34,1
RSI,SHORT,2026-03-06 09:30:00-05:00,24684.75,2026-03-06 09:45:00-05:00,24700.25,stop_loss,-104.34,1
MOM,LONG,2026-03-06 09:30:00-05:00,24685.75,2026-03-06 09:45:00-05:00,24670.25,stop_loss,-104.34,1
MOM,SHORT,2026-03-06 15:15:00-05:00,24750.25,2026-03-06 15:30:00-05:00,24650.75,take_profit,585.66,1
RSI,LONG,2026-03-06 15:30:00-05:00,24653.25,2026-03-09 09:30:00-04:00,24637.75,stop_loss,-104.34,2
RSI,LONG,2026-03-09 09:45:00-04:00,24382.75,2026-03-09 10:00:00-04:00,24367.25,stop_loss,-104.34,1
MOM,SHORT,2026-03-09 09:45:00-04:00,24381.75,2026-03-09 10:00:00-04:00,24397.25,stop_loss,-104.34,1
RSI,LONG,2026-03-09 10:15:00-04:00,24359.50,2026-03-09 10:30:00-04:00,24459.00,take_profit,585.66,1
MOM,SHORT,2026-03-09 10:15:00-04:00,24358.50,2026-03-09 10:30:00-04:00,24374.00,stop_loss,-104.34,1
RSI,SHORT,2026-03-09 15:30:00-04:00,24951.50,2026-03-09 15:45:00-04:00,24967.00,stop_loss,-104.34,1
MOM,LONG,2026-03-09 15:30:00-04:00,24952.50,2026-03-10 09:30:00-04:00,25052.00,take_profit,585.66,2
RSI,SHORT,2026-03-10 09:30:00-04:00,24990.50,2026-03-10 09:45:00-04:00,25006.00,stop_loss,-104.34,1
MOM,LONG,2026-03-10 09:45:00-04:00,25029.75,2026-03-10 10:00:00-04:00,25014.25,stop_loss,-104.34,1
RSI,SHORT,2026-03-10 10:00:00-04:00,24964.25,2026-03-10 10:15:00-04:00,24979.75,stop_loss,-104.34,1
RSI,SHORT,2026-03-10 10:30:00-04:00,25003.25,2026-03-10 10:45:00-04:00,25018.75,stop_loss,-104.34,1
MOM,LONG,2026-03-10 10:30:00-04:00,25004.25,2026-03-10 10:45:00-04:00,25103.75,take_profit,585.66,1
RSI,SHORT,2026-03-10 11:00:00-04:00,25150.75,2026-03-10 11:15:00-04:00,25166.25,stop_loss,-104.34,1
RSI,SHORT,2026-03-10 11:30:00-04:00,25143.00,2026-03-10 11:45:00-04:00,25158.50,stop_loss,-104.34,1
RSI,SHORT,2026-03-10 12:00:00-04:00,25149.00,2026-03-10 12:30:00-04:00,25164.50,stop_loss,-104.34,2
RSI,SHORT,2026-03-10 12:45:00-04:00,25161.25,2026-03-10 13:00:00-04:00,25176.75,stop_loss,-104.34,1
RSI,SHORT,2026-03-10 13:15:00-04:00,25158.00,2026-03-10 13:30:00-04:00,25173.50,stop_loss,-104.34,1
MOM,LONG,2026-03-10 14:30:00-04:00,25067.50,2026-03-10 14:45:00-04:00,25052.00,stop_loss,-104.34,1
MOM,SHORT,2026-03-10 15:30:00-04:00,24988.25,2026-03-10 15:45:00-04:00,25003.75,stop_loss,-104.34,1
MOM,LONG,2026-03-11 10:00:00-04:00,25102.00,2026-03-11 10:15:00-04:00,25086.50,stop_loss,-104.34,1
MOM,SHORT,2026-03-11 10:30:00-04:00,25027.25,2026-03-11 10:45:00-04:00,25042.75,stop_loss,-104.34,1
MOM,SHORT,2026-03-11 11:15:00-04:00,24993.50,2026-03-11 11:45:00-04:00,24894.00,take_profit,585.66,2
RSI,LONG,2026-03-11 11:45:00-04:00,24920.75,2026-03-11 12:00:00-04:00,24905.25,stop_loss,-104.34,1
MOM,SHORT,2026-03-11 13:45:00-04:00,24935.00,2026-03-11 14:00:00-04:00,24950.50,stop_loss,-104.34,1
RSI,LONG,2026-03-12 09:45:00-04:00,24766.00,2026-03-12 10:00:00-04:00,24750.50,stop_loss,-104.34,1
MOM,SHORT,2026-03-12 09:45:00-04:00,24765.00,2026-03-12 10:00:00-04:00,24665.50,take_profit,585.66,1
RSI,LONG,2026-03-12 10:30:00-04:00,24617.75,2026-03-12 10:45:00-04:00,24602.25,stop_loss,-104.34,1
IB,SHORT,2026-03-12 10:30:00-04:00,24616.75,2026-03-12 10:45:00-04:00,24637.25,stop_loss,-134.34,1
MOM,SHORT,2026-03-12 10:30:00-04:00,24616.75,2026-03-12 10:45:00-04:00,24632.25,stop_loss,-104.34,1
RSI,LONG,2026-03-12 11:00:00-04:00,24621.00,2026-03-12 11:15:00-04:00,24605.50,stop_loss,-104.34,1
MOM,SHORT,2026-03-12 11:00:00-04:00,24620.00,2026-03-12 11:15:00-04:00,24635.50,stop_loss,-104.34,1
MOM,SHORT,2026-03-12 12:15:00-04:00,24653.50,2026-03-12 12:30:00-04:00,24669.00,stop_loss,-104.34,1
RSI,LONG,2026-03-13 09:30:00-04:00,24646.00,2026-03-13 09:45:00-04:00,24745.50,take_profit,585.66,1
MOM,LONG,2026-03-13 09:45:00-04:00,24770.00,2026-03-13 10:00:00-04:00,24754.50,stop_loss,-104.34,1
MOM,SHORT,2026-03-13 10:15:00-04:00,24666.50,2026-03-13 10:30:00-04:00,24682.00,stop_loss,-104.34,1
IB,SHORT,2026-03-13 10:45:00-04:00,24596.25,2026-03-13 11:00:00-04:00,24476.75,take_profit,705.66,1
MOM,SHORT,2026-03-13 10:45:00-04:00,24596.25,2026-03-13 11:00:00-04:00,24496.75,take_profit,585.66,1
MOM,SHORT,2026-03-13 11:45:00-04:00,24414.00,2026-03-13 12:00:00-04:00,24429.50,stop_loss,-104.34,1
RSI,LONG,2026-03-13 11:45:00-04:00,24415.00,2026-03-13 12:45:00-04:00,24399.50,stop_loss,-104.34,4
RSI,SHORT,2026-03-16 09:45:00-04:00,24670.75,2026-03-16 10:00:00-04:00,24686.25,stop_loss,-104.34,1
MOM,LONG,2026-03-16 09:45:00-04:00,24671.75,2026-03-16 10:00:00-04:00,24771.25,take_profit,585.66,1
RSI,SHORT,2026-03-16 10:15:00-04:00,24950.00,2026-03-16 10:30:00-04:00,24850.50,take_profit,585.66,1
MOM,LONG,2026-03-16 10:15:00-04:00,24951.00,2026-03-16 10:30:00-04:00,24935.50,stop_loss,-104.34,1
MOM,LONG,2026-03-17 09:30:00-04:00,25001.25,2026-03-17 09:45:00-04:00,25100.75,take_profit,585.66,1
RSI,SHORT,2026-03-17 09:45:00-04:00,25061.25,2026-03-17 10:00:00-04:00,25076.75,stop_loss,-104.34,1
IB,SHORT,2026-03-17 11:45:00-04:00,24993.50,2026-03-17 12:15:00-04:00,25014.00,stop_loss,-134.34,2
RSI,LONG,2026-03-18 09:45:00-04:00,24953.50,2026-03-18 10:00:00-04:00,24938.00,stop_loss,-104.34,1
RSI,LONG,2026-03-18 10:15:00-04:00,24895.75,2026-03-18 10:30:00-04:00,24880.25,stop_loss,-104.34,1
MOM,SHORT,2026-03-18 10:15:00-04:00,24894.75,2026-03-18 11:00:00-04:00,24910.25,stop_loss,-104.34,3
RSI,LONG,2026-03-18 10:45:00-04:00,24832.00,2026-03-18 12:00:00-04:00,24902.00,max_hold,408.66,5
RSI,LONG,2026-03-18 13:00:00-04:00,24844.75,2026-03-18 13:15:00-04:00,24829.25,stop_loss,-104.34,1
RSI,LONG,2026-03-18 15:00:00-04:00,24743.25,2026-03-18 15:15:00-04:00,24727.75,stop_loss,-104.34,1
MOM,SHORT,2026-03-18 14:45:00-04:00,24812.50,2026-03-18 15:15:00-04:00,24713.00,take_profit,585.66,2
RSI,LONG,2026-03-18 15:30:00-04:00,24721.25,2026-03-18 15:45:00-04:00,24705.75,stop_loss,-104.34,1
